川西南区域-冕宁-冕宁碧桂园澜山-洋房-2#-原始-0.png,0
川东区域-碧桂园・铂悦府-洋房-17#-原始-0.png,0
川西南区域-冕宁-冕宁碧桂园澜山-洋房-2#-原始-0.png,0
沪浙二部-城市之光-洋房-21#-原始-0.png,0
鲁南区域-滨江学府-洋房-2#-原始-0.png,0
鲁南区域-滨江学府-洋房-7#-原始-0.png,0
湖南三部-金科壹号学府-洋房-5#-原始-0.png,0
川西南区域-冕宁-冕宁碧桂园澜山-洋房-2#-原始-0.png,0
川北区域-武胜碧桂园-洋房-9#-原始-0.png,1
川西南区域-冕宁-冕宁碧桂园澜山-洋房-2#-原始-0.png,0
川东区域-碧桂园・铂悦府-洋房-17#-原始-0.png,0
川西南区域-冕宁-冕宁碧桂园澜山-洋房-2#-原始-0.png,0
川西南区域-冕宁-冕宁碧桂园澜山-洋房-2#-原始-0.png,0
川北区域-梓潼碧桂园-洋房-10#-原始-0.png,1
川北区域-梓潼碧桂园-洋房-15#-原始-0.png,0
湖南三部-金科壹号学府-洋房-1#-原始-0.png,0
江中区域二部-城邦花园-洋房-35#-原始-0.png,0
川西南区域-冕宁-冕宁碧桂园澜山-洋房-2#-原始-0.png,0
川西南区域-冕宁-冕宁碧桂园澜山-洋房-2#-原始-0.png,0
川西南区域-冕宁-冕宁碧桂园澜山-洋房-2#-原始-0.png,0
川西南区域-冕宁-冕宁碧桂园澜山-洋房-2#-原始-0.png,0
川北区域-梓潼碧桂园-洋房-10#-原始-0.png,0
韶关区域-南雄凤凰天境-5#-原始-0.png,0
鲁北区域-鑫都天樾-洋房-5#-原始-0.png,0
广西区域-十里江湾-洋房-15#-原始-0.png,0
山西区域-凤凰城一期-洋房-1#-原始-0.png,0
山西区域-凤凰城一期-洋房-10#-原始-0.png,0
山西区域-凤凰城一期-洋房-2#-原始-0.png,0
山西区域-凤凰城一期-洋房-1#-原始-0.png,0
山西区域-凤凰城一期-洋房-10#-原始-0.png,0
山西区域-凤凰城一期-洋房-2#-原始-0.png,0
山西区域-凤凰城一期-洋房-1#-原始-0.png,0
山西区域-凤凰城一期-洋房-10#-原始-0.png,0
山西区域-凤凰城一期-洋房-2#-原始-0.png,0
沪苏三部-江阴翡翠湾-洋房-BG1-原始-0.png,0
豫南区域-信阳碧桂园-洋房-2＃-原始-0.png,0
鲁西南区域二部-金乡翡翠华府-洋房-1#-原始-0.png,0
福建一部-漳平碧桂园城央壹品-洋房-1#-原始-0.png,0
江中区域一部-香洲南屏-洋房-14#-原始-0.png,0
江中区域一部-香洲南屏-洋房-16#-原始-0.png,0
甘肃区域-玖珑湾-洋房-1#-原始-0.png,0
甘肃区域-玖珑湾-洋房-8#-原始-0.png,0
青藏区域-天誉-洋房-2#-原始-0.png,0
青藏区域-西宁天誉-洋房-2#-原始-0.png,0
湖南区域三部-碧桂园・新都荟-洋房-10#-原始-0.png,0
鄂北区域二部-丹江口碧桂园-洋房-7#-原始-0.png,0
鲁北区域-江山赋-洋房-11#-原始-0.png,0
佛肇区域-翡翠山-洋房-5#-原始-0.png,1
广西二部-兴业碧桂园-洋房-9#-原始-0.png,0
山东区域-中房・天玺-洋房-10#-原始-0.png,0
山东区域-中房・天玺-洋房-15#-原始-0.png,0
山东区域-中房・天玺-洋房-9#-原始-0.png,0
山东区域-平阴云玺台-洋房-10#-原始-0.png,0
山东区域-济南碧桂园CLD凤凰首府-洋房-10＃-原始-0.png,0
山东区域-济南碧桂园CLD凤凰首府-洋房-7＃原始-0.png,0
鲁南区域-枣庄翡翠澜湾-洋房-13#-原始-0.png,0
鲁南区域-枣庄翡翠澜湾-洋房-20#-原始-0.png,0
鲁南区域-枣庄翡翠澜湾-洋房-5#-原始-0.png,0
鲁南区域-枣庄翡翠澜湾-洋房-6#-原始-0.png,0
鲁西南区域二部-济宁济州府-洋房-2#-原始-0.png,0
鲁西南区域二部-金乡翡翠华府-洋房-5#-原始-0.png,0
安徽二部-宿州泗县碧桂园项目-洋房-3#-原始-0.png,0
安徽区域一部-宿松碧桂园-洋房-10#-原始-0.png,0
安徽区域一部-宿松碧桂园-洋房-2#-原始-0.png,0
皖东区域-含城世家-洋房-6#-原始-0.png,0
湖南区域三部-酃湖世家-洋房-9#-原始-0.png,0
江中区域二部-阳春碧桂园中兴江山府-洋房-12#-原始-0.png,0
鲁北区域-鑫都天樾-洋房-5#-原始-0.png,0
江苏区域-中央公园二期-洋房-26#-原始-0.png,0
惠博区域-天骄公馆-洋房-7#-原始-0.png,0
惠博区域-天骄公馆-洋房-9#-原始-0.png,0
鲁东区域-黄岛翡翠湾-洋房-6#-原始-0.png,0
川北区域-华蓥碧桂园-商铺-18#-原始-0.png,0
川北区域-华蓥碧桂园-洋房-16#-原始-0.png,0
川北区域-华蓥碧桂园-洋房-8#-原始-0.png,0
川北区域-武胜碧桂园-洋房-5#-原始-0.png,0
川北区域-武胜碧桂园-洋房-6#-原始-0.png,0
川北区域-武胜碧桂园-洋房-9#-原始-0.png,0
川北区域-碧桂园天誉-洋房-10#-原始-0.png,0
川北区域-碧桂园天誉-洋房-13#-原始-0.png,0
川北区域-碧桂园天誉-洋房-6#-原始-0.png,0
川北区域-碧桂园天誉-洋房-8#-原始-0.png,0
贵州区域-云顶壹品-洋房-17#-原始-0.png,0
山西区域-晋中-洋房-11#-原始-0.png,0
广清区域-云顶-洋房-4#-原始-0.png,0
江苏区域-凤凰城十地块-洋房-22#-原始-0.png,0
沪苏一部-临沪-洋房-东17#-原始-0.png,0
沪苏五部-东台碧桂园-洋房-2#(115)-原始-0.png,0
沪苏五部-射阳碧桂园-剑桥郡-洋房-3#-原始-0.png,0
福建一部-碧桂园德兴珑悦台-洋房-10#-原始-0.png,0
福建一部-碧桂园德兴珑悦台-洋房-3#-原始-0.png,0
福建二部-莆田碧桂园浪琴湾-洋房-215#-原始-0.png,0
青藏区域-海东碧桂园(一期)-洋房-4#-原始-0.png,0
清远区域-阳山江山壹号-洋房-1#-原始-0.png,0
甘肃区域-玖珑湾-洋房-8#-原始-0.png,0
川北区域-华蓥碧桂园-洋房-8#-原始-0.png,0
川北区域-华蓥碧桂园-洋房-8#-原始-0.png,0
湖南区域二部-城市之光-洋房-6#-原始-0.png,0
湖南区域二部-城市之光-洋房-5#-原始-0.png,0
湖南区域二部-城市之光-洋房-6#-原始-0.png,0
鲁西南区域一部-菏泽碧桂园-洋房-13#-原始-0.png,0
江中区域一部-碧桂园・世纪滨江-洋房-1#-原始-0.png,0
安徽区域二部-阜阳书香名门-洋房-13#-原始-0.png,0
惠大区域-公园上城-海德公馆-洋房-1#-原始-0.png,0
江中区域一部-珠海金湾三灶西湖-洋房-3#-原始-0.png,0
广西二部-中央上城-洋房-15#-原始-0.png,0
山西区域-凤凰城一期-洋房-10#-原始-0.png,0
江中区域一部-蓬江碧桂园滨江天际-洋房-13#-原始-0.png,0
广西三部-河池-洋房-8#-原始-0.png,0
广西区域一部-玉林碧桂园凤凰城-洋房-40#-原始-0.png,0
广西区域一部-玉林碧桂园凤凰城-洋房-8#-原始-0.png,0
湖南三部-永州中央公园-洋房-18#-原始-0.png,0
湖南三部-永州中央公园-洋房-2#-原始-0.png,0
湖南三部-祁东翡翠华府二期-洋房-2#-原始-0.png,0
湖南三部-祁东翡翠华府二期-洋房-8#-原始-0.png,0
湖南二部-月湖湾-洋房-25#-原始-0.png,0
湖南二部-芙蓉尚城-洋房-10#-原始-0.png,0
湖南二部-长沙翘楚棠-洋房-X3#-原始-0.png,0
湖南二部-长沙翘楚棠-洋房-X8#-原始-0.png,0
湖南区域一部-碧桂园・澧州华府-洋房-15#-原始-0.png,0
湖南区域三部-衡阳碧桂园・紫宸府-洋房-2#（143-2）-原始-0.png,0
湖南区域三部-酃湖世家-洋房-9#-原始-0.png,0
湖南区域五部-沅江金科壹号学府-洋房-12#-原始-0.png,0
湖南区域五部-炎陵碧桂园-洋房-9#-原始-0.png,0
湖南区域四部-吉首碧桂园-洋房-3#-原始-0.png,0
湖南区域四部-娄底豪园-洋房-16#-原始-0.png,0
湖南区域四部-怀化十里江湾-洋房-46#-原始-0.png,0
湖南区域四部-碧桂园・鹤州府-洋房-23#-原始-0.png,0
清远区域-东华首府-洋房-3#-原始-0.png,0
鲁东区域-黄岛翡翠湾-洋房-6#-原始-0.png,0
沪苏五部-盱眙碧桂园-洋房-22#（YJ115)-原始-0.png,0
山东区域-中房・天玺-洋房-15#-原始-0.png,0
山东区域-中房・天玺-洋房-9#-原始-0.png,0
鲁南区域-枣庄翡翠澜湾-洋房-13#-原始-0.png,0
鲁南区域-枣庄翡翠澜湾-洋房-20#-原始-0.png,0
鲁南区域-枣庄翡翠澜湾-洋房-5#-原始-0.png,0
鲁南区域-枣庄翡翠澜湾-洋房-6#-原始-0.png,0
沪苏五部-盱眙碧桂园-洋房-22#（YJ115)-原始-0.png,0
豫南区域-信阳碧桂园-洋房-2＃-原始-0.png,0
43.png,1
44.png,1
45.png,1
46.png,1
47.png,1
48.png,1
49.png,1
50.png,1
51.png,1
52.png,1
53.png,1
54.png,1
55.png,1
56.png,1
57.png,1
58.png,1
59.png,1
60.png,1
61.png,1
62.png,1
63.png,1
64.png,1
65.png,1
66.png,1
67.png,1
68.png,0
69.png,1
70.png,1
71.png,1
72.png,1
鲁南区域-枣庄翡翠澜湾-洋房-20#-原始-0.png,0
山西区域-长子-洋房-1#-原始-0.png,0
甘肃区域-兰州新城之光二期-洋房-2#楼-原始-0.png,0
甘肃区域-兰州碧桂园-9地块-洋房-1#-原始-0.png,0
甘肃区域-兰州碧桂园-9地块-洋房-2#-原始-0.png,0
鲁北区域-鑫都天樾-洋房-5#-原始-0.png,0
宁夏区域-海东碧桂园-洋房-17#-原始-0.png,0
宁夏区域-海东碧桂园-洋房-20#-原始-0.png,0
沪苏一部-临沪-洋房-东17#-原始-0.png,0
甘肃区域-御府二期-洋房-18#-原始-0.png,0
甘肃区域-玖珑湾-洋房-8#-原始-0.png,0
西北二部-碧桂园御川府-洋房-55#-原始-0.png,0
青藏区域-天誉-洋房-2#-原始-0.png,0
青藏区域-西宁天誉-洋房-2#-原始-0.png,0
佛肇区域-翡翠山-洋房-2#-原始-0.png,0
佛肇区域-翡翠山-洋房-3#-原始-0.png,0
佛肇区域-翡翠山-洋房-4#-原始-0.png,0
惠阳区域-湖光山色-洋房-29#-原始-0.png,0
江中区域二部-阳春碧桂园中兴江山府-洋房-3、5#-原始-0.png,0
鲁西南一部-宁阳碧桂园翡丽公园-洋房-8#-原始-0.png,0
广西二部-荔浦-洋房-21#-原始-0.png,0
湖南三部-永州中央公园-洋房-15#-原始-0.png,0
湖南三部-永州中央公园-洋房-18#-原始-0.png,0
湖南三部-永州中央公园-洋房-6#-原始-0.png,0
湖南三部-永州中央公园-洋房-6#-原始-01.png,0
湖南区域一部-常德翘楚棠-洋房-67#-原始-0.png,0
湖南区域三部-耒阳大都会-洋房-1#-原始-0.png,0
福建二部-莆田碧桂园浪琴湾-洋房-215#-原始-0.png,0
福建二部-莆田碧桂园浪琴湾-洋房-219#-原始-0.png,0
山西区域-凤凰城一期-洋房-1#-原始-0.png,0
山西区域-凤凰城一期-洋房-2#-原始-0.png,0
山东区域-兖州兖州府-洋房-2#-原始-0.png,0
惠博区域-天骄公馆-洋房-11#-原始-0.png,0
惠博区域-天骄公馆-洋房-9#-原始-0.png,0
佛肇区域-四季阳光-洋房-11#-原始-0.png,0
佛肇区域-四季阳光-洋房-2#-原始-0.png,0
佛肇区域-比邻苑-凤凰湾-洋房-1#-原始-0.png,0
佛肇区域-比邻苑-凤凰湾-洋房-3#-原始-0.png,0
佛肇区域-翡翠山-洋房-2#-原始-0.png,1
佛肇区域-翡翠山-洋房-4#-原始-0.png,0
佛肇区域-翡翠山-洋房-5#-原始-0.png,0
佛肇区域-翡翠山-洋房-6#-原始-0.png,0
佛肇区域-翡翠山-洋房-7#-原始-0.png,0
天津区域-天樾园-洋房-1#-原始-0.png,0
天津区域-天樾园-洋房-5#-原始-0.png,0
宁夏区域-海东碧桂园-洋房-12#-原始-0.png,0
宁夏区域-海东碧桂园-洋房-15#-原始-0.png,0
宁夏区域-海东碧桂园-洋房-17#-原始-0.png,0
宁夏区域-海东碧桂园-洋房-21#-原始-0.png,0
安徽二部-宿州泗县碧桂园项目-洋房-3#-原始-0.png,0
安徽区域一部-宿松碧桂园-洋房-10#-原始-0.png,0
安徽区域一部-宿松碧桂园-洋房-2#-原始-0.png,0
安徽区域三部-无为九期-洋房-16#-原始-0.png,0
安徽区域三部-青阳二期-洋房-14#-原始-0.png,0
安徽区域三部-青阳二期-洋房-6#-原始-0.png,0
安徽区域二部-亳州春暖花开-洋房-1#-原始-0.png,0
安徽区域二部-亳州春暖花开-洋房-7#-原始-0.png,0
安徽区域二部-亳州江山赋-洋房-29#-原始-0.png,0
安徽区域二部-亳州江山赋-洋房-33#-原始-0.png,0
安徽区域二部-亳州江山赋-洋房-6#-原始-0.png,0
安徽区域二部-亳州江山赋-洋房-7#-原始-0.png,0
安徽区域二部-太和时代之光-洋房-13#-原始-0.png,0
安徽区域二部-政务壹号-洋房-22#-原始-0.png,0
安徽区域二部-淮北黄金时代-洋房-6#-原始-0.png,0
安徽区域二部-锦绣江山-洋房-A7#-原始-0.png,0
安徽区域二部-阜阳书香名门-洋房-12#-原始-0.png,0
安徽区域二部-阜阳书香名门-洋房-13#-原始-0.png,0
安徽区域二部-阜阳书香名门-洋房-5#-原始-0.png,0
安徽区域二部-颍上印春秋-洋房-10#-原始-0.png,0
安徽区域二部-颍上印春秋-洋房-7#-原始-0.png,0
安徽区域二部-颍上印春秋-洋房-9#-原始-0.png,0
山东区域-中房・天玺-洋房-10#-原始-0.png,0
山东区域-中房・天玺-洋房-15#-原始-0.png,0
山东区域-中房・天玺-洋房-9#-原始-0.png,0
山东区域-兖州兖州府-洋房-2#-原始-0.png,0
山东区域-兖州兖州府-洋房-8#-原始-0.png,0
山东区域-平阴云玺台-洋房-36#-原始-0.png,0
山东区域-济南碧桂园CLD凤凰首府-洋房-10＃-原始-0.png,0
山东区域-济南碧桂园CLD凤凰首府-洋房-4＃原始-0.png,0
山西区域-临汾-洋房-3#-原始-0.png,0
山西区域-临汾-洋房-4#-原始-0.png,0
山西区域-临汾-洋房-6#-原始-0.png,0
山西区域-临汾-洋房-7#-原始-0.png,0
山西区域-晋中-洋房-10#-原始-0.png,0
山西区域-晋中-洋房-11#-原始-0.png,0
山西区域-晋中-洋房-4#-原始-0.png,0
川北区域-华蓥碧桂园-商铺-18#-原始-0.png,0
川北区域-华蓥碧桂园-洋房-8#-原始-0.png,0
川北区域-四川省乐山碧桂园天悦项目-洋房-1#-原始-0.png,0
川北区域-大英碧桂园-洋房-3号楼2单元-原始-0.png,0
川北区域-大英碧桂园-洋房-5号楼2单元-原始-0.png,0
川北区域-武胜碧桂园-洋房-5#-原始-0.png,0
川北区域-武胜碧桂园-洋房-6#-原始-0.png,0
川北区域-碧桂园・国力・阅江山-洋房-5#楼-原始-0.png,0
川北区域-碧桂园・天玺-洋房-9#-原始-0.png,0
川北区域-碧桂园天誉-洋房-10#-原始-0.png,0
川北区域-碧桂园绵州府-洋房-21#-原始-0.png,0
川北区域-碧桂园绵州府-洋房-28#-原始-0.png,0
川北区域-碧桂园铂悦府-洋房-2＃-原始-0.png,0
川北区域-碧桂园铂悦府-洋房-3＃-原始-0.png,0
川北区域-遂宁-碧桂园・凤栖台-洋房-3#-原始-0.png,0
川西南区域-天全天玺湾-洋房-3#-原始-0.png,0
川西南区域-天全天玺湾-洋房-4#-原始-0.png,0
川西南区域-洪雅城央首府-洋房-14＃-原始-0.png,0
川西南区域-眉山天誉-洋房-17#-原始-0.png,0
广清三部区域-连州天宸湾-洋房-1＃-原始-0.png,0
广清三部区域-连州天宸湾-洋房-4＃原始-0.png,0
广清区域-云顶-洋房-9#-原始-0.png,0
广西二部-中央上城-洋房-15#-原始-0.png,0
广西二部-临桂-洋房-19#-原始-0.png,0
广西二部-兴业碧桂园-洋房-9#-原始-0.png,0
广西二部-兴安-洋房-6#-原始-0.png,0
广西二部-剑桥郡-洋房-2#-原始-0.png,0
广西二部-剑桥郡-洋房-6#-原始-0.png,0
广西二部-太平碧桂园-洋房-5#-原始-0.png,1
广西二部-荔浦-洋房-21#-原始-0.png,0
广西区域一部-宾阳碧桂园-洋房-3#-原始-0.png,0
广西区域一部-宾阳碧桂园-洋房-6#-原始-0.png,0
广西区域一部-宾阳碧桂园-洋房-8#-原始-0.png,0
惠博区域-天骄公馆-洋房-7#-原始-0.png,0
惠博区域-盛汇广场-洋房-1#-原始-0(2).png,0
惠博区域-盛汇广场-洋房-1#-原始-0.png,0
惠博区域-盛汇广场-洋房-2#-原始-0(2).png,0
惠博区域-盛汇广场-洋房-2#-原始-0.png,0
惠博区域-碧桂园滨江府-洋房-1#-原始-0.png,0
惠博区域-碧桂园滨江府-洋房-12#-原始-0.png,0
惠博区域-碧桂园滨江府-洋房-2#-原始-0.png,0
惠博区域-碧桂园滨江府-洋房-7#-原始-0.png,0
惠博区域-紫台-洋房-3#-原始-0(2).png,0
惠博区域-紫台-洋房-3#-原始-0.png,0
惠大区域-公园上城-海德公馆-洋房-1#-原始-0.png,0
惠大区域-公园上城-海德公馆-洋房-2#-原始-0.png,0
惠大区域-公园上城-海德尚园-洋房-2#-原始-0.png,0
惠大区域-星悦公馆-洋房-5#-原始-0.png,0
惠大区域-星悦公馆-洋房-6#-原始-0.png,0
惠大区域-维港湾花园（一）-洋房-11#-原始-0.png,0
惠大区域-维港湾花园（一）-洋房-36#-原始-0.png,0
惠大区域-维港湾花园（一）-洋房-8#-原始-0.png,0
惠大区域-蜜柚-洋房-5#-原始-0.png,0
惠深区域三部-博罗怡景-洋房-9#-原始-0.png,0
惠阳区域-湖光山色-洋房-29#-原始-0.png,0
惠阳区域-湖光山色-洋房-30#-原始-0.png,0
惠阳区域-珑川府-洋房-7#-原始-0.png,0
江中二部-大名府-洋房-12#-原始-0.png,0
江中二部-大名府-洋房-15#-原始-0.png,0
江中二部-大名府-洋房-16#-原始-0.png,0
江中区域一部-台山-洋房-10#-原始-0.png,0
江中区域一部-珑悦府-洋房-6#-原始-0.png,0
江中区域一部-珠海金湾三灶西湖-洋房-2#-原始-0.png,0
江中区域一部-珠海金湾三灶西湖-洋房-3#-原始-0.png,0
江中区域一部-蓬江碧桂园滨江天际-洋房-6#-原始-0.png,0
江中区域一部-香洲南屏-洋房-1#-原始-0.png,0
江中区域一部-香洲南屏-洋房-16#-原始-0.png,0
江中区域二部-公园首府-洋房-14#-原始-0.png,0
江中区域二部-凯旋城-洋房-5#-原始-0.png,0
江中区域二部-城邦花园-洋房-35#-原始-0.png,0
江中区域二部-天悦府-洋房-5#-原始-0.png,0
江中区域二部-阳春碧桂园中兴江山府-洋房-11#-原始-0.png,0
江中区域二部-阳春碧桂园中兴江山府-洋房-12#-原始-0.png,0
江中区域二部-阳春碧桂园中兴江山府-洋房-3、5#-原始-0.png,0
江中区域二部-阳春碧桂园中兴江山府-洋房-6、7#-原始-0.png,0
江苏区域-中央公园二期-洋房-26#-原始-0.png,0
江苏区域-凤凰城十五地块-洋房-10#-原始-0.png,0
江苏区域-凤凰城十五地块-洋房-9#-原始-0.png,0
江苏区域-凤凰城十地块-洋房-22#-原始-0.png,0
江苏区域-凤凰城十地块-洋房-27#-原始-0.png,0
江苏区域-常州翡丽都会-洋房-11#-原始-0.png,0
江苏区域-常州翡丽都会-洋房-16#-原始-0.png,0
江苏区域-常州翡丽都会-洋房-17#-原始-0.png,0
江苏区域-常州翡丽都会-洋房-4#-原始-0.png,0
江苏区域-常州翡丽都会-洋房-9#-原始-0.png,0
江苏区域-常州都市森林-洋房-2#-原始-0.png,0
江苏区域-铂金华庭-洋房-1#-原始-0.png,0
江苏区域-铂金华庭-洋房-3#-原始-0.png,0
沪浙二部-南浔碧桂园-铂悦府-洋房-22#、23#、30#-原始-0.png,0
沪浙二部-城市之光-洋房-21#-原始-0.png,0
沪浙二部-湖州碧桂园江山赋-江山府-洋房-42#-原始-0.png,0
沪苏一部-临沪-洋房-东17#-原始-0.png,0
沪苏三部-江阴翡翠湾-洋房-BG1-原始-0.png,0
沪苏五部-东台碧桂园-洋房-2#(115)-原始-0.png,0
沪苏五部-射阳碧桂园-剑桥郡-洋房-3#-原始-0.png,0
沪苏五部-泰州观澜天境-洋房-26#（YJ115）-原始-0.png,0
沪苏五部-盱眙碧桂园-洋房-22#（YJ115)-原始-0.png,0
沪苏六部-宿迁泗阳-凤凰湾-洋房-C地块10#-原始-0.png,0
沪苏六部-宿迁泗阳-凤凰湾-洋房-C地块8#-原始-0.png,0
沪苏四部-启东大名府-洋房-1065#,1068#-原始-0.png,0
清远区域-东华首府-洋房-3#-原始-0.png,0
清远区域-东华首府-洋房-4#-原始-0.png,0
清远区域-新亚山湖城-天玺湾-洋房-8#-原始-0.png,0
清远区域-连州碧桂园-天宸湾-洋房-6#-原始-0.png,0
清远区域-阳山-洋房-23#-原始-0.png,0
清远区域-阳山-洋房-24#-原始-0.png,0
清远区域-阳山-洋房-32#-原始-0.png,0
清远区域-阳山-洋房-37#-原始-0.png,0
清远区域-阳山江山壹号-洋房-1#-原始-0.png,0
清远区域-阳山江山壹号-洋房-2#-原始-0.png,0
湖北区域一部-壹方公馆-洋房-5#-原始-0.png,0
湖北区域一部-孝感中央公园-洋房-1#-原始-0.png,0
湖北区域一部-新城之光-洋房-2#-原始-0.png,0
湖北区域一部-翡翠公馆-洋房-3#-原始-0.png,0
湖北区域一部-长阳-洋房-6#-原始-0.png,0
湖北区域一部-麻城云玺-洋房-7#-原始-0.png,0
湖北区域一部-黄州中央公园-洋房-9#10#-原始-0.png,0
湖北区域二部-御宾府-洋房-6#-原始-0.png,0
湖北区域二部-浅月湾-洋房-1#-原始-0.png,0
湖北区域二部-赤壁碧桂园-洋房-10#-原始-0.png,0
湖南三部-永州中央公园-洋房-18#-原始-0.png,0
湖南三部-永州中央公园-洋房-2#-原始-0.png,0
湖南三部-永州中央公园-洋房-6#-原始-0.png,0
湖南三部-永州中央公园-洋房-6#-原始-01.png,0
湖南三部-祁东翡翠华府二期-洋房-2#-原始-0.png,0
湖南三部-祁东翡翠华府二期-洋房-5#-原始-0.png,0
湖南三部-祁东翡翠华府二期-洋房-8#-原始-0.png,0
湖南三部-金科壹号学府-洋房-7#-原始-0.png,0
湖南二部-月湖湾-洋房-25#-原始-0.png,0
湖南二部-芙蓉尚城-洋房-10#-原始-0.png,0
湖南二部-芙蓉尚城-洋房-2#-原始-0.png,0
湖南二部-芙蓉尚城-洋房-3#-原始-0.png,0
湖南区域一部-常德翘楚棠-洋房-67#-原始-0.png,0
湖南区域一部-汉寿碧桂园-洋房-1#-原始-0.png,0
湖南区域一部-碧桂园・澧州华府-洋房-15#-原始-0.png,0
湖南区域三部-碧桂园・东城首府-洋房-1#(YJ143n-2)-原始-0.png,0
湖南区域三部-碧桂园・新都荟-洋房-10#-原始-0.png,0
湖南区域三部-碧桂园・玖喜台-洋房-5#-原始-0.png,0
湖南区域三部-耒阳大都会-洋房-1#-原始-0.png,0
湖南区域三部-衡阳碧桂园・紫宸府-洋房-2#（143-2）-原始-0.png,0
湖南区域二部-城市之光-洋房-5#-原始-0.png,0
湖南区域二部-浏阳碧桂园-洋房-13#-原始-0.png,0
湖南区域二部-美的-洋房-12#-原始-0.png,0
湖南区域五部-炎陵碧桂园-洋房-9#-原始-0.png,0
湖南区域五部-益阳梓山府-洋房-35#-原始-0.png,0
湖南区域五部-碧桂园映月棠-洋房-12#-原始-0.png,0
湖南区域四部-吉首碧桂园-洋房-3#-原始-0.png,0
湖南区域四部-娄底豪园-洋房-16#-原始-0.png,0
湖南区域四部-怀化中方-洋房-3#-原始-0.png,0
湖南区域四部-怀化碧桂园-洋房-46#-原始-0.png,0
湖南区域四部-攸州府-洋房-1#-原始-0.png,0
湖南区域四部-湘西凤凰-洋房-6#-原始-0.png,0
湖南区域四部-益阳-洋房-8#-原始-0.png,0
甘肃区域-临夏碧桂园天玺湾-洋房-15#楼-原始-0.png,0
甘肃区域-临夏碧桂园天玺湾-洋房-16#楼-原始-0.png,0
甘肃区域-兰州碧桂园-9地块-洋房-2#-原始-0.png,0
甘肃区域-兰州碧桂园-9地块-洋房-3#-原始-0.png,0
甘肃区域-御府二期-洋房-18#-原始-0.png,0
甘肃区域-御府二期-洋房-23#-原始-0.png,0
甘肃区域-玖珑湾-洋房-1#-原始-0.png,0
甘肃区域-玖珑湾-洋房-8#-原始-0.png,0
皖东区域-含城世家-洋房-5#-原始-0.png,0
粤东区域一部-揭西碧桂园-洋房-2#-原始-0.png,0
粤东区域一部-揭西碧桂园-洋房-3#-原始-0.png,0
粤东区域一部-揭西碧桂园-洋房-4#-原始-0.png,0
粤东区域二部-东湾国际-洋房-10#-原始-0.png,0
粤东区域二部-东湾国际-洋房-14#-原始-0.png,0
粤东区域二部-东湾国际-洋房-17#-原始-0.png,0
粤东区域二部-公园上城-洋房-2#-原始-0.png,0
粤东区域二部-公园上城-洋房-22#-原始-0.png,0
粤东区域二部-公园上城-洋房-3#-原始-0.png,0
粤东区域二部-公园上城-洋房-5#-原始-0.png,0
肇庆区域-翡翠郡-洋房-2#-原始-0.png,0
肇庆区域-翡翠郡-洋房-3#-原始-0.png,0
西北二部-碧桂园御川府-洋房-55#-原始-0.png,0
豫南区域-信阳碧桂园-洋房-2＃-原始-0.png,0
豫西区域-宜阳-洋房-22#-原始-0.png,0
贵州区域-云顶壹品-洋房-1#-原始-0.png,0
贵州区域-云顶壹品-洋房-5#-原始-0.png,0
贵州区域-云顶壹品-洋房-6#-原始-0.png,0
贵州区域-余庆-洋房-17#-原始-0.png,0
贵州区域-余庆-洋房-6#-原始-0.png,0
贵州区域-务川-洋房-2#-原始-0.png,0
贵州区域-务川-洋房-3#-原始-0.png,0
贵州区域-贞丰1号-洋房-3#-原始-0.png,0
贵州区域-贵定-洋房-1#-原始-0.png,0
贵州区域-贵定-洋房-7#-原始-0.png,0
赣州区域-上犹碧桂园-洋房-7#-原始-0.png,0
赣州区域-定南碧桂园-洋房-6#-原始-0.png,0
赣州区域-寻乌碧桂园-洋房-2#-原始-0.png,0
赣州区域-石城碧桂园-洋房-1#-原始-0.png,0
赣州区域-石城碧桂园-洋房-10#-原始-0.png,0
赣州区域-石城碧桂园-洋房-3#-原始-0.png,0
赣州区域-石城碧桂园-洋房-5#-原始-0.png,0
鄂北区域-碧桂园・楚悦台-洋房-1#-原始-0.png,0
鄂北区域一部-广水碧桂园-洋房-33#-原始-0.png,0
鄂北区域一部-广水碧桂园-洋房-36#-原始-0.png,0
鄂北区域一部-广水碧桂园-洋房-38#-原始-0.png,0
鄂北区域一部-随州-洋房-34#-原始-0.png,0
鄂北区域二部-丹江口碧桂园-洋房-5#-原始-0.png,0
青藏区域-天誉-洋房-1#-原始-0.png,0
青藏区域-天誉-洋房-2#-原始-0.png,0
青藏区域-平安碧桂园-洋房-1#-原始-0.png,0
青藏区域-平安碧桂园-洋房-7#-原始-0.png,0
青藏区域-海东碧桂园(一期)-洋房-1#-原始-0.png,0
青藏区域-海东碧桂园(一期)-洋房-2#-原始-0.png,0
青藏区域-海东碧桂园(一期)-洋房-3#-原始-0.png,0
青藏区域-海东碧桂园(一期)-洋房-4#-原始-0.png,0
青藏区域-西宁天誉-洋房-2#-原始-0.png,0
韶关区域-乐昌碧桂园-洋房-65#-原始-0.png,0
韶关区域-仁化碧桂园-洋房-5#-原始-0.png,0
韶关区域-曲江剑桥郡-洋房-4#-原始-0.png,0
韶关区域-芷兰湾二-洋房-2#-原始-0.png,0
韶关区域-芷兰湾二-洋房-3#-原始-0.png,0
韶关区域-芷兰湾二-洋房-4#-原始-0.png,0
韶关区域-韶关碧桂园-洋房-1#-原始-0.png,0
鲁东区域-黄岛翡翠湾-洋房-6#-原始-0.png,0
鲁北区域-博兴碧桂园・星荟-洋房-6#-原始-0.png,0
鲁北区域-江山赋-洋房-15#-原始-0.png,0
鲁北区域-江山赋-洋房-8#-原始-0.png,0
鲁北区域-鑫都天樾-洋房-2#-原始-0.png,0
鲁北区域-鑫都天樾-洋房-5#-原始-0.png,0
鲁南区域-枣庄翡翠澜湾-洋房-20#-原始-0.png,0
鲁南区域-滨江学府-洋房-2#-原始-0.png,0
鲁南区域-滨江学府-洋房-7#-原始-0.png,0
鲁西南一部-宁阳碧桂园翡丽公园-洋房-8#-原始-0.png,0
鲁西南区域一部-菏泽碧桂园-洋房-11#-原始-0.png,0
鲁西南区域一部-菏泽碧桂园-洋房-13#-原始-0.png,0
鲁西南区域一部-菏泽碧桂园-洋房-6#-原始-0.png,0
鲁西南区域二部-济宁济州府-洋房-1#-原始-0.png,0
鲁西南区域二部-济宁济州府-洋房-2#-原始-0.png,0
鲁西南区域二部-济宁济州府-洋房-3#-原始-0.png,0
鲁西南区域二部-金乡翡翠华府-洋房-1#-原始-0.png,0
鲁西南区域二部-金乡翡翠华府-洋房-5#-原始-0.png,0
广清区域-云顶-洋房-3#-原始-0.png,0
广清区域-云顶-洋房-9#-原始-0.png,0
广西二部-兴业碧桂园-洋房-9#-原始-0.png,0
广西区域一部-玉林碧桂园凤凰城-洋房-40#-原始-0.png,0
广西区域二部-博白碧桂园-洋房-30#-原始-0.png,0
惠博区域-碧桂园滨江府-洋房-1#-原始-0.png,0
沪浙二部-城市之光-洋房-21#-原始-0.png,0
甘肃区域-玖珑湾-洋房-1#-原始-0.png,0
韶关区域-乐昌碧桂园-洋房-63#-原始-0.png,0
韶关区域-乐昌碧桂园-洋房-72#-原始-0.png,0
佛肇区域-银涛苑-凤凰湾-公寓-1#-原始-0.png,0
宁夏区域-海东碧桂园-洋房-20#-原始-0.png,0
安徽区域三部-无为九期-洋房-16#-原始-0.png,0
安徽区域三部-青阳二期-洋房-10#-原始-0.png,0
安徽区域二部-阜阳书香名门-洋房-12#-原始-0.png,0
安徽区域二部-阜阳书香名门-洋房-5#-原始-0.png,0
山东区域-平阴云玺台-洋房-10#-原始-0.png,0
山西区域-长子-洋房-1#-原始-0.png,0
川北区域-大英碧桂园-洋房-3号楼2单元-原始-0.png,0
川北区域-大英碧桂园-洋房-5号楼2单元-原始-0.png,0
川北区域-碧桂园・国力・阅江山-洋房-5#楼-原始-0.png,0
川北区域-碧桂园天誉-洋房-10#-原始-0.png,0
川北区域-碧桂园天誉-洋房-13#-原始-0.png,0
川北区域-碧桂园天誉-洋房-6#-原始-0.png,0
川北区域-碧桂园铂悦府-洋房-8＃-原始-0.png,0
广清区域-云顶-洋房-4#-原始-0.png,0
广清区域-云顶-洋房-9#-原始-0.png,0
广西二部-中央上城-洋房-15#-原始-0.png,0
广西二部-太平碧桂园-洋房-5#-原始-0.png,0
广西区域一部-崇左碧桂园-天誉-洋房-2#-原始-0.png,0
广西区域一部-浦北碧桂园-洋房-5#-原始-0.png,0
惠大区域-星钻花园-洋房-2#-原始-0.png,0
惠阳区域-珑川府-洋房-6#-原始-0(2).png,0
惠阳区域-珑川府-洋房-6#-原始-0.png,0
江中区域一部-珠海金湾三灶西湖-洋房-2#-原始-0.png,0
江中区域一部-香洲南屏-洋房-1#-原始-0.png,0
江中区域一部-香洲南屏-洋房-14#-原始-0.png,0
江中区域一部-香洲南屏-洋房-16#-原始-0.png,0
江中区域二部-城央首府-洋房-18#-原始-0.png,0
江中区域二部-阳春碧桂园中兴江山府-洋房-3、5#-原始-0.png,0
江苏区域-凤凰城十地块-洋房-27#-原始-0.png,0
沪苏四部-启东大名府-洋房-1065#,1068#-原始-0.png,0
河北区域-碧桂园・天悦湾-洋房-2#-原始-0.png,0
清远区域-新亚山湖城-天玺湾-洋房-5#-原始-0.png,0
湖北区域一部-新城之光-洋房-2#-原始-0.png,0
湖北区域一部-翡翠华府-洋房-15#-原始-0.png,0
湖北区域一部-长阳-洋房-6#-原始-0.png,0
湖南区域四部-吉首碧桂园-洋房-3#-原始-0.png,0
甘肃区域-兰州新城之光二期-洋房-2#楼-原始-0.png,0
甘肃区域-御府(一期)-洋房-13#-原始-0.png,0
甘肃区域-御府(一期)-洋房-2#-原始-0.png,0
甘肃区域-御府二期-洋房-18#-原始-0.png,0
福建一部-碧桂园德兴珑悦台-洋房-10#-原始-0.png,0
福建一部-碧桂园德兴珑悦台-洋房-3#-原始-0.png,0
粤东区域一部-揭西碧桂园-洋房-2#-原始-0.png,0
粤东区域一部-揭西碧桂园-洋房-3#-原始-0.png,0
粤东区域一部-揭西碧桂园-洋房-4#-原始-0.png,0
粤东区域二部-公园上城-洋房-2#-原始-0.png,0
粤东区域二部-公园上城-洋房-3#-原始-0.png,0
豫西区域-宜阳-洋房-22#-原始-0.png,0
贵州区域-云顶壹品-洋房-17#-原始-0.png,0
赣州区域-定南碧桂园-洋房-4#-原始-0.png,0
赣州区域-寻乌碧桂园-洋房-1#-原始-0.png,0
赣州区域-寻乌碧桂园-洋房-2#-原始-0.png,0
赣州区域-石城碧桂园-洋房-5#-原始-0.png,0
鄂北区域一部-广水碧桂园-洋房-36#-原始-0.png,0
鄂北区域一部-广水碧桂园-洋房-38#-原始-0.png,0
韶关区域-芷兰湾二-洋房-3#-原始-0.png,1
鲁北区域-德州武城-洋房-2#-原始-0.png,0
鲁北区域-江山赋-洋房-8#-原始-0.png,0
鲁北区域-鑫都天樾-洋房-1#-原始-0.png,0
鲁北区域-鑫都天樾-洋房-2#-原始-0.png,0
鲁北区域-鑫都天樾-洋房-5#-原始-0.png,0
鲁南区域-滨江学府-洋房-7#-原始-0.png,0
佛肇区域-晴澜苑-凤凰湾-洋房-29#-原始-0(2).png,0
佛肇区域-晴澜苑-凤凰湾-洋房-29#-原始-0.png,0
佛肇区域-晴澜苑-凤凰湾-洋房-47#-原始-0.png,0
天津区域-天樾园-洋房-3#-原始-0.png,0
天津区域-天樾园-洋房-6#-原始-0.png,0
安徽区域一部-宿松碧桂园-洋房-10#-原始-0.png,0
安徽区域三部-无为九期-洋房-16#-原始-0.png,0
安徽区域三部-无为九期-洋房-20#-原始-0.png,0
安徽区域三部-青阳二期-洋房-10#-原始-0.png,0
安徽区域三部-青阳二期-洋房-13#-原始-0.png,0
安徽区域三部-青阳二期-洋房-14#-原始-0.png,0
安徽区域三部-青阳二期-洋房-6#-原始-0.png,0
山东区域-中房・天玺-洋房-10#-原始-0.png,0
山东区域-中房・天玺-洋房-15#-原始-0.png,0
山东区域-中房・天玺-洋房-9#-原始-0.png,0
山东区域-兖州兖州府-洋房-8#-原始-0.png,0
山西区域-凤凰城一期-洋房-1#-原始-0.png,0
山西区域-凤凰城一期-洋房-10#-原始-0.png,0
山西区域-凤凰城一期-洋房-2#-原始-0.png,0
川北区域-华蓥碧桂园-洋房-8#-原始-0.png,0
川北区域-大英碧桂园-洋房-3号楼2单元-原始-0.png,0
川北区域-大英碧桂园-洋房-5号楼2单元-原始-0.png,0
川北区域-武胜碧桂园-洋房-9#-原始-0.png,0
川北区域-碧桂园・国力・阅江山-洋房-1#楼 -原始-0.png,0
川北区域-碧桂园・国力・阅江山-洋房-5#楼-原始-0.png,0
川北区域-碧桂园・天玺-洋房-9#-原始-0.png,0
川北区域-碧桂园天誉-洋房-8#-原始-0.png,0
川北区域-碧桂园绵州府-洋房-21#-原始-0.png,0
川北区域-碧桂园绵州府-洋房-28#-原始-0.png,0
川西南区域-冕宁-冕宁碧桂园澜山-洋房-2#-原始-0.png,0
川西南区域-天全天玺湾-洋房-3#-原始-0.png,0
川西南区域-天全天玺湾-洋房-4#-原始-0.png,0
川西南区域-天全天玺湾-洋房-5#-原始-0.png,0
川西南区域-洪雅城央首府-洋房-23＃-原始-0.png,1
广西二部-兴业碧桂园-洋房-9#-原始-0.png,0
广西二部-兴安-洋房-2#-原始-0.png,0
广西二部-兴安-洋房-6#-原始-0.png,0
广西二部-剑桥郡-洋房-8#-原始-0.png,0
广西二部-永福-洋房-6#-原始-0.png,0
广西二部-荔浦-洋房-21#-原始-0.png,0
广西区域一部-宾阳碧桂园-洋房-3#-原始-0.png,0
广西区域一部-宾阳碧桂园-洋房-6#-原始-0.png,0
广西区域一部-宾阳碧桂园-洋房-8#-原始-0.png,0
广西区域一部-岑溪-洋房-55#-原始-0.png,0
广西区域一部-浦北碧桂园-洋房-2#-原始-0.png,0
广西区域一部-浦北碧桂园-洋房-5#-原始-0.png,0
广西区域一部-浦北碧桂园-洋房-8#-原始-0.png,0
广西区域一部-玉林碧桂园凤凰城-洋房-62#-原始-0.png,0
惠博区域-天骄公馆-洋房-1#-原始-0(2).png,0
惠博区域-天骄公馆-洋房-1#-原始-0.png,0
惠博区域-天骄公馆-洋房-11#-原始-0.png,0
惠博区域-天骄公馆-洋房-7#-原始-0.png,0
惠博区域-天骄公馆-洋房-9#-原始-0.png,0
惠博区域-碧桂园滨江府-洋房-12#-原始-0.png,0
惠博区域-紫台-洋房-3#-原始-0(2).png,0
惠博区域-紫台-洋房-3#-原始-0.png,0
惠大区域-星钻花园-洋房-2#-原始-0.png,0
惠大区域-星钻花园-洋房-3#-原始-0.png,0
惠深区域三部-博罗怡景-洋房-9#-原始-0.png,0
惠阳区域-湖光山色-洋房-29#-原始-0.png,0
惠阳区域-湖光山色-洋房-30#-原始-0.png,0
江中二部-大名府-洋房-11#-原始-0.png,0
江中二部-大名府-洋房-12#-原始-0.png,1
江中区域一部-珠海金湾三灶西湖-洋房-2#-原始-0.png,0
江中区域一部-碧桂园・世纪滨江-洋房-1#-原始-0.png,0
江中区域二部-公园首府-洋房-14#-原始-0.png,0
江中区域二部-君悦海-洋房-2#-原始-0.png,0
江中区域二部-城央首府-洋房-15#-原始-0.png,0
江中区域二部-城央首府-洋房-9#-原始-0.png,1
江中区域二部-城邦花园-洋房-35#-原始-0.png,0
江苏区域-凤凰城十五地块-洋房-10#-原始-0.png,0
江苏区域-凤凰城十五地块-洋房-9#-原始-0.png,0
江苏区域-铂金华庭-洋房-6#-原始-0.png,0
沪浙二部-城市之光-洋房-21#-原始-0.png,0
清远区域-阳山-洋房-26#-原始-0.png,0
清远区域-阳山江山壹号-洋房-1#-原始-0.png,0
清远区域-阳山江山壹号-洋房-2#-原始-0.png,0
湖北区域一部-新城之光-洋房-2#-原始-0.png,0
湖北区域一部-麻城云玺-洋房-7#-原始-0.png,0
湖北区域二部-御宾府-洋房-6#-原始-0.png,0
湖南三部-祁东翡翠华府二期-洋房-5#-原始-0.png,0
湖南二部-芙蓉尚城-洋房-10#-原始-0.png,0
湖南二部-长沙翘楚棠-洋房-X3#-原始-0.png,0
湖南二部-长沙翘楚棠-洋房-X8#-原始-0.png,0
湖南区域三部-耒阳大都会-洋房-1#-原始-0.png,0
湖南区域五部-益阳梓山府-洋房-35#-原始-0.png,0
湖南区域五部-碧桂园映月棠-洋房-12#-原始-0.png,0
湖南区域四部-吉首碧桂园-洋房-3#-原始-0.png,0
湖南区域四部-怀化碧桂园-洋房-46#-原始-0.png,0
湖南区域四部-攸州府-洋房-1#-原始-0.png,0
甘肃区域-临夏碧桂园天玺湾-洋房-15#楼-原始-0.png,0
甘肃区域-兰州碧桂园-9地块-洋房-1#-原始-0.png,0
甘肃区域-御府(一期)-洋房-2#-原始-0.png,0
福建一部-漳浦碧桂园公园上城-洋房-1#-原始-0.png,0
福建一部-漳浦碧桂园公园上城-洋房-2#-原始-0.png,0
粤东区域二部-东湾国际-洋房-14#-原始-0.png,0
粤东区域二部-东湾国际-洋房-17#-原始-0.png,0
粤东区域二部-公园上城-洋房-2#-原始-0.png,0
粤东区域二部-公园上城-洋房-3#-原始-0.png,0
粤东区域二部-公园上城-洋房-5#-原始-0.png,0
豫西区域-宜阳-洋房-23#-原始-0.png,0
贵州区域-云顶壹品-洋房-1#-原始-0.png,0
贵州区域-云顶壹品-洋房-6#-原始-0.png,0
贵州区域-余庆-洋房-17#-原始-0.png,0
贵州区域-余庆-洋房-2#-原始-0.png,0
贵州区域-余庆-洋房-4#-原始-0.png,0
贵州区域-余庆-洋房-6#-原始-0.png,0
贵州区域-务川-洋房-3#-原始-0.png,0
贵州区域-贞丰1号-洋房-2#-原始-0.png,0
贵州区域-贵定-洋房-1#-原始-0.png,0
贵州区域-贵定-洋房-10#-原始-0.png,0
贵州区域-贵定-洋房-7#-原始-0.png,0
赣州区域-上犹碧桂园-洋房-14#-原始-0.png,0
鄂北区域-碧桂园・楚悦台-洋房-1#-原始-0.png,0
鄂北区域一部-广水碧桂园-洋房-33#-原始-0.png,0
鄂北区域一部-广水碧桂园-洋房-40#-原始-0.png,0
鄂北区域一部-广水碧桂园-洋房-42#-原始-0.png,0
鄂北区域一部-广水碧桂园-洋房-43#-原始-0.png,0
韶关区域-乐昌碧桂园-洋房-65#-原始-0.png,0
韶关区域-仁化碧桂园-洋房-3#-原始-0.png,0
韶关区域-仁化碧桂园-洋房-6#-原始-0.png,0
韶关区域-芷兰湾二-洋房-2#-原始-0.png,0
韶关区域-韶关碧桂园-洋房-1#-原始-0.png,0
韶关区域-韶关碧桂园-洋房-3#-原始-0.png,0
鲁北区域-博兴碧桂园・星荟-洋房-6#-原始-0.png,0
鲁北区域-江山赋-洋房-11#-原始-0.png,0
鲁北区域-鑫都天樾-洋房-2#-原始-0.png,0
鲁北区域-鑫都天樾-洋房-5#-原始-0.png,0
鲁南区域-枣庄翡翠澜湾-洋房-13#-原始-0.png,0
鲁南区域-枣庄翡翠澜湾-洋房-20#-原始-0.png,0
鲁南区域-枣庄翡翠澜湾-洋房-5#-原始-0.png,0
鲁南区域-枣庄翡翠澜湾-洋房-6#-原始-0.png,0
鲁西南区域一部-菏泽碧桂园-洋房-11#-原始-0.png,0
鲁西南区域二部-济宁济州府-洋房-1#-原始-0.png,0
鲁西南区域二部-济宁济州府-洋房-2#-原始-0.png,0
鲁西南区域二部-济宁济州府-洋房-3#-原始-0.png,1
鲁西南区域二部-金乡翡翠华府-洋房-1#-原始-0.png,0
佛肇区域-晴澜苑-凤凰湾-洋房-29#-原始-0(2).png,0
佛肇区域-晴澜苑-凤凰湾-洋房-47#-原始-0.png,1
佛肇区域-比邻苑-凤凰湾-洋房-1#-原始-0.png,0
川北区域-华蓥碧桂园-洋房-16#-原始-0.png,0
川北区域-华蓥碧桂园-洋房-8#-原始-0.png,0
川北区域-碧桂园绵州府-洋房-21#-原始-0.png,0
川西南区域-天全天玺湾-洋房-3#-原始-0.png,0
川西南区域-天全天玺湾-洋房-4#-原始-0.png,0
川西南区域-洪雅城央首府-洋房-14＃-原始-0.png,0
川西南区域-眉山天誉-洋房-17#-原始-0.png,0
广西三部-河池-洋房-8#-原始-0.png,0
广西二部-临桂-洋房-19#-原始-0.png,0
广西区域一部-玉林碧桂园凤凰城-洋房-40#-原始-0.png,0
广西区域一部-玉林碧桂园凤凰城-洋房-8#-原始-0.png,0
惠博区域-盛汇广场-洋房-1#-原始-0(2).png,0
惠博区域-盛汇广场-洋房-1#-原始-0.png,0
惠博区域-紫台-洋房-3#-原始-0(2).png,0
惠博区域-紫台-洋房-3#-原始-0.png,1
惠大区域-公园上城-海德公馆-洋房-2#-原始-0.png,0
惠大区域-蜜柚-洋房-5#-原始-0.png,0
惠阳区域-珑川府-洋房-6#-原始-0(2).png,0
惠阳区域-珑川府-洋房-6#-原始-0.png,0
惠阳区域-珑川府-洋房-7#-原始-0.png,0
江中区域一部-台山-洋房-10#-原始-0.png,0
江中区域一部-香洲南屏-洋房-1#-原始-0.png,0
江中区域二部-城邦花园-洋房-35#-原始-0.png,0
江中区域二部-天悦府-洋房-5#-原始-0.png,0
江中区域二部-阳春碧桂园中兴江山府-洋房-11#-原始-0.png,0
江中区域二部-阳春碧桂园中兴江山府-洋房-12#-原始-0.png,0
江苏区域-凤凰城十地块-洋房-22#-原始-0.png,0
江苏区域-铂金华庭-洋房-3#-原始-0.png,0
沪苏三部-江阴翡翠湾-洋房-BG1-原始-0.png,0
清远区域-阳山江山壹号-洋房-1#-原始-0.png,0
清远区域-阳山江山壹号-洋房-2#-原始-0.png,0
湖南三部-永州中央公园-洋房-18#-原始-0.png,0
湖南三部-永州中央公园-洋房-6#-原始-0.png,0
湖南三部-永州中央公园-洋房-6#-原始-01.png,0
湖南二部-月湖湾-洋房-25#-原始-0.png,0
湖南二部-长沙翘楚棠-洋房-X3#-原始-0.png,0
湖南二部-长沙翘楚棠-洋房-X8#-原始-0.png,0
湖南区域三部-碧桂园・东城首府-洋房-1#(YJ143n-2)-原始-0.png,0
湖南区域四部-吉首碧桂园-洋房-3#-原始-0.png,0
甘肃区域-兰州碧桂园-9地块-洋房-2#-原始-0.png,0
甘肃区域-御府二期-洋房-18#-原始-0.png,0
粤东区域二部-公园上城-洋房-2#-原始-0.png,0
粤东区域二部-公园上城-洋房-3#-原始-0.png,0
肇庆区域-翡翠郡-洋房-2#-原始-0.png,0
贵州区域-云顶壹品-洋房-1#-原始-0.png,0
贵州区域-云顶壹品-洋房-17#-原始-0.png,0
贵州区域-云顶壹品-洋房-5#-原始-0.png,0
贵州区域-云顶壹品-洋房-6#-原始-0.png,0
贵州区域-余庆-洋房-17#-原始-0.png,0
贵州区域-余庆-洋房-2#-原始-0.png,0
贵州区域-余庆-洋房-6#-原始-0.png,0
贵州区域-务川-洋房-3#-原始-0.png,0
贵州区域-贵定-洋房-1#-原始-0.png,0
贵州区域-贵定-洋房-10#-原始-0.png,0
贵州区域-贵定-洋房-7#-原始-0.png,0
赣州区域-上犹碧桂园-洋房-14#-原始-0.png,0
青藏区域-平安碧桂园-洋房-1#-原始-0.png,0
青藏区域-海东碧桂园(一期)-洋房-1#-原始-0.png,0
青藏区域-海东碧桂园(一期)-洋房-2#-原始-0.png,0
韶关区域-乐昌碧桂园-洋房-63#-原始-0.png,0
韶关区域-乐昌碧桂园-洋房-72#-原始-0.png,0
韶关区域-韶关碧桂园-洋房-3#-原始-0.png,0
惠博区域-天骄公馆-洋房-1#-原始-0(2).png,0
惠博区域-天骄公馆-洋房-1#-原始-0.png,0
惠博区域-天骄公馆-洋房-11#-原始-0.png,0
惠博区域-天骄公馆-洋房-9#-原始-0.png,0
福建二部-莆田碧桂园浪琴湾-洋房-215#-原始-0.png,0
福建二部-莆田碧桂园浪琴湾-洋房-219#-原始-0.png,0
赣州区域-上犹碧桂园-洋房-14#-原始-0.png,0
赣州区域-上犹碧桂园-洋房-7#-原始-0.png,0
肇庆区域-翡翠郡-洋房-2#-原始-0.png,0
韶关区域-芷兰湾二-洋房-2#-原始-0.png,0
惠博区域-天骄公馆-洋房-11#-原始-0.png,0
惠博区域-天骄公馆-洋房-7#-原始-0.png,0
惠博区域-天骄公馆-洋房-9#-原始-0.png,0
甘肃区域-玖珑湾-洋房-8#-原始-0.png,0
安徽区域二部-亳州江山赋-洋房-33#-原始-0.png,0
佛肇区域-四季阳光-洋房-11#-原始-0.png,0
佛肇区域-四季阳光-洋房-2#-原始-0.png,0
佛肇区域-晴澜苑-凤凰湾-洋房-29#-原始-0(2).png,0
佛肇区域-晴澜苑-凤凰湾-洋房-29#-原始-0.png,0
佛肇区域-晴澜苑-凤凰湾-洋房-47#-原始-0.png,0
佛肇区域-比邻苑-凤凰湾-洋房-1#-原始-0.png,0
佛肇区域-比邻苑-凤凰湾-洋房-3#-原始-0.png,0
佛肇区域-翡翠山-洋房-2#-原始-0.png,0
佛肇区域-翡翠山-洋房-4#-原始-0.png,0
佛肇区域-银涛苑-凤凰湾-公寓-1#-原始-0.png,0
佛肇区域-银涛苑-凤凰湾-公寓-3#-原始-0.png,0
天津区域-天樾园-洋房-1#-原始-0.png,0
天津区域-天樾园-洋房-3#-原始-0.png,0
天津区域-天樾园-洋房-4#-原始-0.png,0
天津区域-天樾园-洋房-5#-原始-0.png,0
天津区域-天樾园-洋房-6#-原始-0.png,0
安徽二部-宿州泗县碧桂园项目-洋房-3#-原始-0.png,0
安徽区域一部-宿松碧桂园-洋房-2#-原始-0.png,0
安徽区域三部-无为九期-洋房-16#-原始-0.png,0
安徽区域三部-无为九期-洋房-20#-原始-0.png,0
安徽区域三部-青阳二期-洋房-10#-原始-0.png,0
安徽区域三部-青阳二期-洋房-13#-原始-0.png,0
安徽区域三部-青阳二期-洋房-14#-原始-0.png,0
安徽区域三部-青阳二期-洋房-6#-原始-0.png,0
安徽区域二部-亳州春暖花开-洋房-1#-原始-0.png,0
安徽区域二部-亳州春暖花开-洋房-7#-原始-0.png,0
安徽区域二部-亳州江山赋-洋房-29#-原始-0.png,0
安徽区域二部-亳州江山赋-洋房-33#-原始-0.png,0
安徽区域二部-亳州江山赋-洋房-6#-原始-0.png,0
安徽区域二部-亳州江山赋-洋房-7#-原始-0.png,0
安徽区域二部-政务壹号-洋房-22#-原始-0.png,0
安徽区域二部-淮北黄金时代-洋房-6#-原始-0.png,0
安徽区域二部-阜阳书香名门-洋房-12#-原始-0.png,0
安徽区域二部-阜阳书香名门-洋房-13#-原始-0.png,0
安徽区域二部-阜阳书香名门-洋房-5#-原始-0.png,0
安徽区域二部-颍上印春秋-洋房-10#-原始-0.png,0
安徽区域二部-颍上印春秋-洋房-7#-原始-0.png,0
安徽区域二部-颍上印春秋-洋房-9#-原始-0.png,0
山东区域-中房・天玺-洋房-10#-原始-0.png,0
山东区域-中房・天玺-洋房-15#-原始-0.png,0
山东区域-中房・天玺-洋房-9#-原始-0.png,0
山东区域-兖州兖州府-洋房-2#-原始-0.png,0
山东区域-兖州兖州府-洋房-8#-原始-0.png,0
山东区域-平阴云玺台-洋房-10#-原始-0.png,1
山东区域-平阴云玺台-洋房-36#-原始-0.png,0
山东区域-济南碧桂园CLD凤凰首府-洋房-10＃-原始-0.png,0
山东区域-济南碧桂园CLD凤凰首府-洋房-4＃原始-0.png,0
山东区域-济南碧桂园CLD凤凰首府-洋房-7＃原始-0.png,1
山西区域-临汾-洋房-3#-原始-0.png,0
山西区域-临汾-洋房-4#-原始-0.png,0
山西区域-临汾-洋房-6#-原始-0.png,0
山西区域-临汾-洋房-7#-原始-0.png,0
山西区域-晋中-洋房-10#-原始-0.png,0
山西区域-晋中-洋房-11#-原始-0.png,0
山西区域-晋中-洋房-4#-原始-0.png,0
山西区域-长子-洋房-1#-原始-0.png,0
川东区域-碧桂园・铂悦府-洋房-17#-原始-0.png,0
川东区域-碧桂园・铂悦府-洋房-18#-原始-0.png,0
川北区域-华蓥碧桂园-商铺-18#-原始-0.png,0
川北区域-华蓥碧桂园-洋房-16#-原始-0.png,0
川北区域-华蓥碧桂园-洋房-8#-原始-0.png,1
川北区域-四川省乐山碧桂园天悦项目-洋房-1#-原始-0.png,0
川北区域-大英碧桂园-洋房-13号楼-原始-0.png,0
川北区域-大英碧桂园-洋房-3号楼2单元-原始-0.png,1
川北区域-大英碧桂园-洋房-5号楼2单元-原始-0.png,0
川北区域-武胜碧桂园-洋房-5#-原始-0.png,0
川北区域-武胜碧桂园-洋房-6#-原始-0.png,0
川北区域-武胜碧桂园-洋房-9#-原始-0.png,0
川北区域-碧桂园・国力・阅江山-洋房-5#楼-原始-0.png,0
川北区域-碧桂园・天玺-洋房-9#-原始-0.png,0
川北区域-碧桂园天誉-洋房-10#-原始-0.png,0
川北区域-碧桂园天誉-洋房-13#-原始-0.png,0
川北区域-碧桂园天誉-洋房-6#-原始-0.png,0
川北区域-碧桂园天誉-洋房-8#-原始-0.png,0
川北区域-碧桂园绵州府-洋房-21#-原始-0.png,1
川北区域-碧桂园绵州府-洋房-28#-原始-0.png,1
川北区域-碧桂园铂悦府-洋房-2＃-原始-0.png,0
川北区域-碧桂园铂悦府-洋房-3＃-原始-0.png,0
川北区域-碧桂园铂悦府-洋房-8＃-原始-0.png,0
川北区域-遂宁-碧桂园・凤栖台-洋房-3#-原始-0.png,0
川西南区域-冕宁-冕宁碧桂园澜山-洋房-2#-原始-0.png,0
川西南区域-天全天玺湾-洋房-3#-原始-0.png,0
川西南区域-天全天玺湾-洋房-4#-原始-0.png,0
川西南区域-天全天玺湾-洋房-5#-原始-0.png,0
川西南区域-洪雅城央首府-洋房-14＃-原始-0.png,0
川西南区域-洪雅城央首府-洋房-23＃-原始-0.png,0
广清三部区域-连州天宸湾-洋房-1＃-原始-0.png,0
广清三部区域-连州天宸湾-洋房-4＃原始-0.png,0
广清区域-云顶-洋房-4#-原始-0.png,1
广清区域-云顶-洋房-9#-原始-0.png,0
广西三部-河池-洋房-8#-原始-0.png,0
广西二部-中央上城-洋房-15#-原始-0.png,0
广西二部-兴业碧桂园-洋房-9#-原始-0.png,0
广西二部-兴安-洋房-2#-原始-0.png,0
广西二部-兴安-洋房-6#-原始-0.png,0
广西二部-剑桥郡-洋房-2#-原始-0.png,0
广西二部-剑桥郡-洋房-6#-原始-0.png,0
广西二部-剑桥郡-洋房-8#-原始-0.png,0
广西二部-太平碧桂园-洋房-5#-原始-0.png,0
广西二部-永福-洋房-1#-原始-0.png,0
广西二部-永福-洋房-6#-原始-0.png,0
广西二部-荔浦-洋房-21#-原始-0.png,0
广西区域一部-宾阳碧桂园-洋房-3#-原始-0.png,0
广西区域一部-宾阳碧桂园-洋房-6#-原始-0.png,0
广西区域一部-宾阳碧桂园-洋房-8#-原始-0.png,0
广西区域一部-岑溪-洋房-55#-原始-0.png,0
广西区域一部-崇左碧桂园-天誉-洋房-2#-原始-0.png,0
广西区域一部-浦北碧桂园-洋房-2#-原始-0.png,0
广西区域一部-浦北碧桂园-洋房-5#-原始-0.png,0
广西区域一部-浦北碧桂园-洋房-8#-原始-0.png,0
广西区域一部-玉林碧桂园凤凰城-洋房-40#-原始-0.png,0
广西区域一部-玉林碧桂园凤凰城-洋房-62#-原始-0.png,1
广西区域二部-博白碧桂园-洋房-30#-原始-0.png,0
惠博区域-天骄公馆-洋房-11#-原始-0.png,1
惠博区域-天骄公馆-洋房-7#-原始-0.png,1
惠博区域-天骄公馆-洋房-9#-原始-0.png,1
惠博区域-盛汇广场-洋房-1#-原始-0(2).png,0
惠博区域-盛汇广场-洋房-1#-原始-0.png,0
惠博区域-碧桂园滨江府-洋房-1#-原始-0.png,1
惠博区域-碧桂园滨江府-洋房-12#-原始-0.png,0
惠博区域-碧桂园滨江府-洋房-2#-原始-0.png,0
惠博区域-碧桂园滨江府-洋房-7#-原始-0.png,0
惠博区域-紫台-洋房-3#-原始-0(2).png,1
惠博区域-紫台-洋房-3#-原始-0.png,1
惠大区域-公园上城-海德公馆-洋房-1#-原始-0.png,1
惠大区域-公园上城-海德公馆-洋房-2#-原始-0.png,0
惠大区域-公园上城-海德尚园-洋房-2#-原始-0.png,0
惠大区域-星悦公馆-洋房-5#-原始-0.png,0
惠大区域-星悦公馆-洋房-6#-原始-0.png,0
惠大区域-星钻花园-洋房-2#-原始-0.png,0
惠大区域-星钻花园-洋房-3#-原始-0.png,0
惠大区域-维港湾花园（一）-洋房-11#-原始-0.png,1
惠大区域-维港湾花园（一）-洋房-36#-原始-0.png,0
惠大区域-维港湾花园（一）-洋房-5#-原始-0.png,0
惠大区域-维港湾花园（一）-洋房-8#-原始-0.png,0
惠大区域-蜜柚-洋房-5#-原始-0.png,0
惠深区域三部-博罗怡景-洋房-9#-原始-0.png,0
惠阳区域-湖光山色-洋房-29#-原始-0.png,0
惠阳区域-湖光山色-洋房-30#-原始-0.png,0
惠阳区域-珑川府-洋房-6#-原始-0(2).png,1
惠阳区域-珑川府-洋房-6#-原始-0.png,1
惠阳区域-珑川府-洋房-7#-原始-0.png,0
江中二部-大名府-洋房-11#-原始-0.png,0
江中二部-大名府-洋房-12#-原始-0.png,0
江中二部-大名府-洋房-15#-原始-0.png,0
江中二部-大名府-洋房-16#-原始-0.png,0
江中区域一部-台山-洋房-10#-原始-0.png,0
江中区域一部-珠海金湾三灶西湖-洋房-2#-原始-0.png,0
江中区域一部-珠海金湾三灶西湖-洋房-3#-原始-0.png,0
江中区域一部-碧桂园・世纪滨江-洋房-1#-原始-0.png,0
江中区域一部-蓬江碧桂园滨江天际-洋房-13#-原始-0.png,0
江中区域一部-蓬江碧桂园滨江天际-洋房-6#-原始-0.png,0
江中区域一部-香洲南屏-洋房-1#-原始-0.png,0
江中区域一部-香洲南屏-洋房-14#-原始-0.png,0
江中区域一部-香洲南屏-洋房-16#-原始-0.png,0
江中区域二部-公园首府-洋房-14#-原始-0.png,0
江中区域二部-凯旋城-洋房-5#-原始-0.png,1
江中区域二部-君悦华庭-洋房-1#-原始-0.png,0
江中区域二部-君悦海-洋房-2#-原始-0.png,0
江中区域二部-城央首府-洋房-15#-原始-0.png,0
江中区域二部-城央首府-洋房-18#-原始-0.png,0
江中区域二部-城央首府-洋房-9#-原始-0.png,0
江中区域二部-城邦花园-洋房-35#-原始-0.png,0
江中区域二部-阳春碧桂园中兴江山府-洋房-11#-原始-0.png,0
江中区域二部-阳春碧桂园中兴江山府-洋房-12#-原始-0.png,0
江中区域二部-阳春碧桂园中兴江山府-洋房-3、5#-原始-0.png,0
江中区域二部-阳春碧桂园中兴江山府-洋房-6、7#-原始-0.png,1
江苏区域-中央公园二期-洋房-26#-原始-0.png,0
江苏区域-凤凰城十五地块-洋房-10#-原始-0.png,0
江苏区域-凤凰城十五地块-洋房-9#-原始-0.png,0
江苏区域-凤凰城十地块-洋房-22#-原始-0.png,0
江苏区域-凤凰城十地块-洋房-27#-原始-0.png,0
江苏区域-常州翡丽都会-洋房-16#-原始-0.png,0
江苏区域-常州翡丽都会-洋房-17#-原始-0.png,0
江苏区域-常州翡丽都会-洋房-9#-原始-0.png,0
江苏区域-常州都市森林-洋房-8#-原始-0.png,0
江苏区域-铂金华庭-洋房-1#-原始-0.png,0
江苏区域-铂金华庭-洋房-3#-原始-0.png,0
江苏区域-铂金华庭-洋房-6#-原始-0.png,0
沪浙二部-城市之光-洋房-21#-原始-0.png,0
沪浙二部-湖州碧桂园江山赋-江山府-洋房-42#-原始-0.png,0
沪苏三部-江阴翡翠湾-洋房-BG1-原始-0.png,0
沪苏五部-东台碧桂园-洋房-2#(115)-原始-0.png,0
沪苏五部-射阳碧桂园-剑桥郡-洋房-3#-原始-0.png,0
沪苏五部-泰兴碧桂隆庭-洋房-10#（YJ115）-原始-0.png,0
沪苏五部-泰州观澜天境-洋房-26#（YJ115）-原始-0.png,0
沪苏五部-盱眙碧桂园-洋房-22#（YJ115)-原始-0.png,0
沪苏六部-宿迁泗阳-凤凰湾-洋房-C地块10#-原始-0.png,0
沪苏六部-宿迁泗阳-凤凰湾-洋房-C地块8#-原始-0.png,0
沪苏四部-启东大名府-洋房-1065#,1068#-原始-0.png,0
河北区域-碧桂园・天悦湾-洋房-2#-原始-0.png,0
清远区域-东华首府-洋房-3#-原始-0.png,0
清远区域-东华首府-洋房-4#-原始-0.png,0
清远区域-新亚山湖城-天玺湾-洋房-5#-原始-0.png,0
清远区域-新亚山湖城-天玺湾-洋房-8#-原始-0.png,0
清远区域-连州碧桂园-天宸湾-洋房-6#-原始-0.png,0
清远区域-阳山-洋房-24#-原始-0.png,0
清远区域-阳山-洋房-26#-原始-0.png,0
清远区域-阳山-洋房-37#-原始-0.png,0
清远区域-阳山江山壹号-洋房-1#-原始-0.png,0
湖北区域一部-壹方公馆-洋房-5#-原始-0.png,0
湖北区域一部-孝感中央公园-洋房-1#-原始-0.png,0
湖北区域一部-新城之光-洋房-2#-原始-0.png,0
湖北区域一部-翡翠公馆-洋房-3#-原始-0.png,0
湖北区域一部-翡翠华府-洋房-15#-原始-0.png,0
湖北区域一部-长阳-洋房-6#-原始-0.png,0
湖北区域一部-麻城云玺-洋房-7#-原始-0.png,0
湖北区域一部-黄州中央公园-洋房-9#10#-原始-0.png,0
湖北区域二部-御宾府-洋房-6#-原始-0.png,0
湖北区域二部-浅月湾-洋房-1#-原始-0.png,0
湖北区域二部-赤壁碧桂园-洋房-10#-原始-0.png,0
湖北区域二部-阅江山-洋房-3#-原始-0.png,0
湖南三部-永州中央公园-洋房-15#-原始-0.png,0
湖南三部-永州中央公园-洋房-18#-原始-0.png,0
湖南三部-永州中央公园-洋房-2#-原始-0.png,0
湖南三部-永州中央公园-洋房-6#-原始-0.png,0
湖南三部-永州中央公园-洋房-6#-原始-01.png,0
湖南三部-祁东翡翠华府二期-洋房-5#-原始-0.png,0
湖南三部-金科壹号学府-洋房-7#-原始-0.png,0
湖南二部-月湖湾-洋房-25#-原始-0.png,0
湖南二部-芙蓉尚城-洋房-10#-原始-0.png,0
湖南二部-芙蓉尚城-洋房-2#-原始-0.png,0
湖南二部-芙蓉尚城-洋房-3#-原始-0.png,0
湖南二部-芙蓉尚城-洋房-6#-原始-0.png,0
湖南区域一部-常德翘楚棠-洋房-67#-原始-0.png,0
湖南区域一部-汉寿碧桂园-洋房-1#-原始-0.png,0
湖南区域一部-碧桂园・澧州华府-洋房-15#-原始-0.png,0
湖南区域一部-碧桂园・澧州华府-洋房-5#-原始-0.png,0
湖南区域三部-碧桂园・东城首府-洋房-1#(YJ143n-2)-原始-0.png,0
湖南区域三部-碧桂园・东城首府-洋房-2#(YJ180-4)-原始-0.png,0
湖南区域三部-碧桂园・新都荟-洋房-10#-原始-0.png,0
湖南区域三部-耒阳大都会-洋房-1#-原始-0.png,0
湖南区域三部-耒阳大都会-洋房-3#（J115n-5(T2-18X)）-原始-0.png,0
湖南区域三部-衡阳碧桂园・紫宸府-洋房-2#（143-2）-原始-0.png,0
湖南区域三部-酃湖世家-洋房-9#-原始-0.png,0
湖南区域二部-城市之光-洋房-6#-原始-0.png,0
湖南区域二部-浏阳碧桂园-洋房-13#-原始-0.png,0
湖南区域二部-美的-洋房-12#-原始-0.png,0
湖南区域五部-炎陵碧桂园-洋房-9#-原始-0.png,0
湖南区域五部-益阳梓山府-洋房-35#-原始-0.png,0
湖南区域四部-吉首碧桂园-洋房-3#-原始-0.png,0
湖南区域四部-娄底豪园-洋房-16#-原始-0.png,0
湖南区域四部-怀化中方-洋房-3#-原始-0.png,0
湖南区域四部-怀化十里江湾-洋房-46#-原始-0.png,0
湖南区域四部-怀化碧桂园-洋房-46#-原始-0.png,0
湖南区域四部-攸州府-洋房-1#-原始-0.png,0
湖南区域四部-湘西凤凰-洋房-6#-原始-0.png,0
湖南区域四部-碧桂园・鹤州府-洋房-23#-原始-0.png,0
甘肃区域-临夏碧桂园天玺湾-洋房-15#楼-原始-0.png,0
甘肃区域-临夏碧桂园天玺湾-洋房-16#楼-原始-0.png,0
甘肃区域-兰州新城之光二期-洋房-2#楼-原始-0.png,0
甘肃区域-兰州碧桂园-9地块-洋房-1#-原始-0.png,0
甘肃区域-兰州碧桂园-9地块-洋房-2#-原始-0.png,0
甘肃区域-御府(一期)-洋房-13#-原始-0.png,0
甘肃区域-御府二期-洋房-18#-原始-0.png,0
甘肃区域-御府二期-洋房-23#-原始-0.png,0
甘肃区域-玖珑湾-洋房-1#-原始-0.png,0
甘肃区域-玖珑湾-洋房-8#-原始-0.png,0
福建一部-漳浦碧桂园公园上城-洋房-1#-原始-0.png,0
福建一部-漳浦碧桂园公园上城-洋房-2#-原始-0.png,0
福建一部-碧桂园德兴珑悦台-洋房-10#-原始-0.png,0
福建一部-碧桂园德兴珑悦台-洋房-3#-原始-0.png,0
福建二部-莆田碧桂园浪琴湾-洋房-215#-原始-0.png,0
福建二部-莆田碧桂园浪琴湾-洋房-219#-原始-0.png,0
粤东区域一部-揭西碧桂园-洋房-2#-原始-0.png,0
粤东区域一部-揭西碧桂园-洋房-3#-原始-0.png,0
粤东区域一部-揭西碧桂园-洋房-4#-原始-0.png,0
粤东区域二部-东湾国际-洋房-10#-原始-0.png,0
粤东区域二部-东湾国际-洋房-14#-原始-0.png,0
粤东区域二部-东湾国际-洋房-17#-原始-0.png,0
粤东区域二部-公园上城-洋房-2#-原始-0.png,0
粤东区域二部-公园上城-洋房-22#-原始-0.png,0
粤东区域二部-公园上城-洋房-3#-原始-0.png,0
粤东区域二部-公园上城-洋房-5#-原始-0.png,0
肇庆区域-翡翠郡-洋房-2#-原始-0.png,0
肇庆区域-翡翠郡-洋房-3#-原始-0.png,0
豫南区域-信阳碧桂园-洋房-2＃-原始-0.png,0
豫西区域-宜阳-洋房-22#-原始-0.png,0
豫西区域-宜阳-洋房-23#-原始-0.png,0
贵州区域-云顶壹品-洋房-1#-原始-0.png,0
贵州区域-云顶壹品-洋房-17#-原始-0.png,0
贵州区域-云顶壹品-洋房-5#-原始-0.png,0
贵州区域-云顶壹品-洋房-6#-原始-0.png,0
贵州区域-余庆-洋房-17#-原始-0.png,0
贵州区域-余庆-洋房-2#-原始-0.png,0
贵州区域-余庆-洋房-4#-原始-0.png,0
贵州区域-余庆-洋房-6#-原始-0.png,0
贵州区域-务川-洋房-2#-原始-0.png,0
贵州区域-务川-洋房-3#-原始-0.png,0
贵州区域-贞丰1号-洋房-2#-原始-0.png,0
贵州区域-贞丰1号-洋房-3#-原始-0.png,0
贵州区域-贵定-洋房-1#-原始-0.png,0
贵州区域-贵定-洋房-10#-原始-0.png,0
贵州区域-贵定-洋房-7#-原始-0.png,0
赣州区域-上犹碧桂园-洋房-14#-原始-0.png,0
赣州区域-上犹碧桂园-洋房-7#-原始-0.png,0
赣州区域-定南碧桂园-洋房-4#-原始-0.png,0
赣州区域-定南碧桂园-洋房-6#-原始-0.png,0
赣州区域-寻乌碧桂园-洋房-1#-原始-0.png,0
赣州区域-寻乌碧桂园-洋房-2#-原始-0.png,0
赣州区域-石城碧桂园-洋房-1#-原始-0.png,0
赣州区域-石城碧桂园-洋房-10#-原始-0.png,0
赣州区域-石城碧桂园-洋房-3#-原始-0.png,0
赣州区域-石城碧桂园-洋房-5#-原始-0.png,0
鄂北区域-碧桂园・楚悦台-洋房-1#-原始-0.png,0
鄂北区域一部-广水碧桂园-洋房-33#-原始-0.png,0
鄂北区域一部-广水碧桂园-洋房-36#-原始-0.png,0
鄂北区域一部-广水碧桂园-洋房-38#-原始-0.png,0
鄂北区域一部-广水碧桂园-洋房-40#-原始-0.png,0
鄂北区域一部-广水碧桂园-洋房-42#-原始-0.png,0
鄂北区域一部-广水碧桂园-洋房-43#-原始-0.png,0
鄂北区域一部-随州-洋房-34#-原始-0.png,0
鄂北区域二部-丹江口碧桂园-洋房-5#-原始-0.png,0
青藏区域-天誉-洋房-1#-原始-0.png,0
青藏区域-天誉-洋房-2#-原始-0.png,0
青藏区域-海东碧桂园(一期)-洋房-4#-原始-0.png,0
青藏区域-西宁天誉-洋房-2#-原始-0.png,0
韶关区域-乐昌碧桂园-洋房-65#-原始-0.png,0
韶关区域-乐昌碧桂园-洋房-72#-原始-0.png,0
韶关区域-仁化碧桂园-洋房-3#-原始-0.png,0
韶关区域-仁化碧桂园-洋房-5#-原始-0.png,0
韶关区域-仁化碧桂园-洋房-6#-原始-0.png,0
韶关区域-曲江剑桥郡-洋房-4#-原始-0.png,0
韶关区域-芷兰湾二-洋房-2#-原始-0.png,0
韶关区域-芷兰湾二-洋房-4#-原始-0.png,0
韶关区域-韶关碧桂园-洋房-1#-原始-0.png,0
韶关区域-韶关碧桂园-洋房-3#-原始-0.png,0
鲁东区域-黄岛翡翠湾-洋房-6#-原始-0.png,0
鲁北区域-博兴碧桂园・星荟-洋房-6#-原始-0.png,0
鲁北区域-德州武城-洋房-2#-原始-0.png,0
鲁北区域-江山赋-洋房-11#-原始-0.png,0
鲁北区域-江山赋-洋房-15#-原始-0.png,0
鲁北区域-江山赋-洋房-8#-原始-0.png,0
鲁北区域-鑫都天樾-洋房-1#-原始-0.png,0
鲁北区域-鑫都天樾-洋房-2#-原始-0.png,0
鲁北区域-鑫都天樾-洋房-5#-原始-0.png,0
鲁南区域-枣庄翡翠澜湾-洋房-13#-原始-0.png,0
鲁南区域-枣庄翡翠澜湾-洋房-20#-原始-0.png,0
鲁南区域-枣庄翡翠澜湾-洋房-5#-原始-0.png,0
鲁南区域-枣庄翡翠澜湾-洋房-6#-原始-0.png,0
鲁南区域-滨江学府-洋房-2#-原始-0.png,0
鲁南区域-滨江学府-洋房-7#-原始-0.png,0
鲁西南一部-宁阳碧桂园翡丽公园-洋房-8#-原始-0.png,0
鲁西南区域一部-菏泽碧桂园-洋房-11#-原始-0.png,0
鲁西南区域一部-菏泽碧桂园-洋房-13#-原始-0.png,0
鲁西南区域二部-济宁济州府-洋房-1#-原始-0.png,0
鲁西南区域二部-济宁济州府-洋房-2#-原始-0.png,0
鲁西南区域二部-济宁济州府-洋房-3#-原始-0.png,0
鲁西南区域二部-金乡翡翠华府-洋房-1#-原始-0.png,0
鲁西南区域二部-金乡翡翠华府-洋房-5#-原始-0.png,0
佛肇区域-比邻苑-凤凰湾-洋房-1#-原始-0.png,0
湖南二部-长沙翘楚棠-洋房-X3#-原始-0.png,0
惠阳区域-湖光山色-洋房-30#-原始-0.png,0
赣州区域-上犹碧桂园-洋房-14#-原始-0.png,0
沪浙二部-湖州碧桂园江山赋-江山府-洋房-42#-原始-0.png,0
安徽区域二部-亳州春暖花开-洋房-1#-原始-0.png,0
安徽区域二部-亳州春暖花开-洋房-7#-原始-0.png,0
川北区域-华蓥碧桂园-商铺-18#-原始-0.png,0
湖北区域一部-长阳-洋房-6#-原始-0.png,0
鲁北区域-江山赋-洋房-8#-原始-0.png,0
佛肇区域-翡翠山-洋房-1#-原始-0.png,0
佛肇区域-翡翠山-洋房-1#-原始-0.png,0
佛肇区域-翡翠山-洋房-1#-原始-0.png,0
佛肇区域-翡翠山-洋房-1#-原始-0.png,0
佛肇区域-翡翠山-洋房-1#-原始-0.png,0
佛肇区域-翡翠山-洋房-1#-原始-0.png,0
佛肇区域-翡翠山-洋房-1#-原始-0.png,1
佛肇区域-翡翠山-洋房-1#-原始-0.png,0
佛肇区域-翡翠山-洋房-1#-原始-0.png,1
佛肇区域-翡翠山-洋房-1#-原始-0.png,0
佛肇区域-翡翠山-洋房-1#-原始-0.png,0
江中区域一部-珑悦府-洋房-6#-原始-0.png,0
佛肇区域-翡翠山-洋房-1#-原始-0.png,0
江中区域一部-珑悦府-洋房-6#-原始-0.png,0
佛肇区域-翡翠山-洋房-1#-原始-0.png,0
佛肇区域-翡翠山-洋房-1#-原始-0.png,1
佛肇区域-翡翠山-洋房-1#-原始-0.png,0
江中区域一部-珑悦府-洋房-6#-原始-0.png,0
沪苏五部-盱眙碧桂园-洋房-22#（YJ115)-原始-0.png,0
佛肇区域-翡翠山-洋房-1#-原始-0.png,0
佛肇区域-翡翠山-洋房-1#-原始-0.png,0
佛肇区域-翡翠山-洋房-1#-原始-0.png,0
佛肇区域-翡翠山-洋房-1#-原始-0.png,0
江中区域一部-珑悦府-洋房-6#-原始-0.png,0
江中区域一部-蓬江碧桂园滨江天际-洋房-6#-原始-0.png,0
佛肇区域-翡翠山-洋房-1#-原始-0.png,0
佛肇区域-翡翠山-洋房-1#-原始-0.png,0
川北区域-碧桂园铂悦府-洋房-2＃-原始-0.png,0
川北区域-碧桂园铂悦府-洋房-3＃-原始-0.png,0
韶关区域-韶关碧桂园-洋房-1#-原始-0.png,0
韶关区域-韶关碧桂园-洋房-3#-原始-0.png,0
川北区域-华蓥碧桂园-洋房-8#-原始-0.png,0
安徽区域二部-阜阳书香名门-洋房-13#-原始-0.png,0
粤东区域二部-公园上城-洋房-2#-原始-0.png,0
粤东区域二部-公园上城-洋房-3#-原始-0.png,0
粤东区域二部-公园上城-洋房-5#-原始-0.png,0
安徽区域三部-青阳二期-洋房-13#-原始-0.png,0
安徽区域三部-青阳二期-洋房-14#-原始-0.png,0
川北区域-大英碧桂园-洋房-3号楼2单元-原始-0.png,0
川北区域-大英碧桂园-洋房-5号楼2单元-原始-0.png,0
广西区域一部-玉林碧桂园凤凰城-洋房-62#-原始-0.png,0
湖南区域四部-益阳-洋房-8#-原始-0.png,0
福建一部-碧桂园德兴珑悦台-洋房-10#-原始-0.png,0
赣州区域-定南碧桂园-洋房-4#-原始-0.png,0
安徽区域二部-亳州江山赋-洋房-7#-原始-0.png,0
山东区域-中房・天玺-洋房-10#-原始-0.png,0
川西南区域-洪雅城央首府-洋房-14＃-原始-0.png,0
广西三部-巴马碧桂园-洋房-2#-原始-0.png,0
广西二部-剑桥郡-洋房-2#-原始-0.png,0
江苏区域-常州都市森林-洋房-8#-原始-0.png,0
湖南区域一部-碧桂园・澧州华府-洋房-15#-原始-0.png,0
湖南区域五部-沅江金科壹号学府-洋房-12#-原始-0.png,0
湖南区域四部-怀化中方-洋房-3#-原始-0.png,0
贵州区域-云顶壹品-洋房-1#-原始-0.png,0
鄂北区域一部-广水碧桂园-洋房-33#-原始-0.png,0
鄂北区域二部-丹江口碧桂园-洋房-5#-原始-0.png,0
鲁南区域-滨江学府-洋房-2#-原始-0.png,0
川北区域-华蓥碧桂园-商铺-18#-原始-0.png,0
川北区域-华蓥碧桂园-洋房-16#-原始-0.png,0
川北区域-华蓥碧桂园-洋房-8#-原始-0.png,0
川北区域-武胜碧桂园-洋房-5#-原始-0.png,0
川北区域-武胜碧桂园-洋房-6#-原始-0.png,0
川北区域-武胜碧桂园-洋房-9#-原始-0.png,0
江中区域一部-台山-洋房-10#-原始-0.png,0
江中区域二部-阳春碧桂园中兴江山府-洋房-11#-原始-0.png,0
江中区域二部-阳春碧桂园中兴江山府-洋房-12#-原始-0.png,0
江中区域二部-阳春碧桂园中兴江山府-洋房-3、5#-原始-0.png,0
沪苏五部-泰兴碧桂隆庭-洋房-10#（YJ115）-原始-0.png,0
沪苏五部-泰州观澜天境-洋房-26#（YJ115）-原始-0.png,0
粤东区域二部-公园上城-洋房-2#-原始-0.png,0
粤东区域二部-公园上城-洋房-3#-原始-0.png,0
粤东区域二部-公园上城-洋房-5#-原始-0.png,0
甘肃区域-兰州碧桂园-9地块-洋房-1#-原始-0.png,1
甘肃区域-兰州碧桂园-9地块-洋房-2#-原始-0.png,0
江中区域二部-阳春碧桂园中兴江山府-洋房-12#-原始-0.png,0
佛肇区域-晴澜苑-凤凰湾-洋房-47#-原始-0.png,0
佛肇区域-银涛苑-凤凰湾-公寓-3#-原始-0.png,0
惠大区域-公园上城-海德公馆-洋房-1#-原始-0.png,0
惠大区域-公园上城-海德公馆-洋房-2#-原始-0.png,0
惠阳区域-湖光山色-洋房-29#-原始-0.png,0
惠阳区域-湖光山色-洋房-30#-原始-0.png,0
江中区域二部-公园首府-洋房-14#-原始-0.png,0
江中区域二部-天悦府-洋房-5#-原始-0.png,0
沪苏五部-泰兴碧桂隆庭-洋房-10#（YJ115）-原始-0.png,0
青藏区域-天誉-洋房-2#-原始-0.png,0
鲁西南区域一部-菏泽碧桂园-洋房-13#-原始-0.png,0
沪苏三部-江阴翡翠湾-洋房-BG1-原始-0.png,0
